# BUSCO version is: 5.4.1 
# The lineage dataset is: mycoplasmatales_odb10 (Creation date: 2020-03-06, number of genomes: 79, number of BUSCOs: 174)
# Busco id	Status	Sequence	Gene Start	Gene End	Strand	Score	Length
17at2085	Complete	NG-25720_PPCC_MCI_lib436635_7080_3_1_(paired)_trimmed_(paired)_mapping_-_Extracted_nucleotide_sequences_[NG-25720_PPCC_MCI_lib436635_7080_3_1]_(single)_contig_5	17527	21294	+	1836.4	1278
53at2085	Complete	NG-25720_PPCC_MCI_lib436635_7080_3_1_(paired)_trimmed_(paired)_mapping_-_Extracted_nucleotide_sequences_[NG-25720_PPCC_MCI_lib436635_7080_3_1]_(single)_contig_5	13652	17515	+	1731.1	1230
56at2085	Complete	NG-25720_PPCC_MCI_lib436635_7080_3_1_(paired)_trimmed_(paired)_mapping_-_Extracted_nucleotide_sequences_[NG-25720_PPCC_MCI_lib436635_7080_3_1]_(single)_contig_6	9457	13896	-	1390.3	1039
78at2085	Complete	NG-25720_PPCC_MCI_lib436635_7080_3_1_(paired)_trimmed_(paired)_mapping_-_Extracted_nucleotide_sequences_[NG-25720_PPCC_MCI_lib436635_7080_3_1]_(single)_contig_13	42522	45488	-	855.3	958
111at2085	Complete	NG-25720_PPCC_MCI_lib436635_7080_3_1_(paired)_trimmed_(paired)_mapping_-_Extracted_nucleotide_sequences_[NG-25720_PPCC_MCI_lib436635_7080_3_1]_(single)_contig_16	6190	9030	+	1160.6	841
118at2085	Complete	NG-25720_PPCC_MCI_lib436635_7080_3_1_(paired)_trimmed_(paired)_mapping_-_Extracted_nucleotide_sequences_[NG-25720_PPCC_MCI_lib436635_7080_3_1]_(single)_contig_13	2129	4273	+	150.0	505
147at2085	Complete	NG-25720_PPCC_MCI_lib436635_7080_3_1_(paired)_trimmed_(paired)_mapping_-_Extracted_nucleotide_sequences_[NG-25720_PPCC_MCI_lib436635_7080_3_1]_(single)_contig_13	7602	9941	+	677.9	490
148at2085	Complete	NG-25720_PPCC_MCI_lib436635_7080_3_1_(paired)_trimmed_(paired)_mapping_-_Extracted_nucleotide_sequences_[NG-25720_PPCC_MCI_lib436635_7080_3_1]_(single)_contig_20	18923	20992	+	1013.2	574
157at2085	Complete	NG-25720_PPCC_MCI_lib436635_7080_3_1_(paired)_trimmed_(paired)_mapping_-_Extracted_nucleotide_sequences_[NG-25720_PPCC_MCI_lib436635_7080_3_1]_(single)_contig_7	4744	7470	-	735.8	663
163at2085	Complete	NG-25720_PPCC_MCI_lib436635_7080_3_1_(paired)_trimmed_(paired)_mapping_-_Extracted_nucleotide_sequences_[NG-25720_PPCC_MCI_lib436635_7080_3_1]_(single)_contig_20	29481	32171	-	758.7	673
218at2085	Complete	NG-25720_PPCC_MCI_lib436635_7080_3_1_(paired)_trimmed_(paired)_mapping_-_Extracted_nucleotide_sequences_[NG-25720_PPCC_MCI_lib436635_7080_3_1]_(single)_contig_15	2304	4472	+	444.6	520
244at2085	Complete	NG-25720_PPCC_MCI_lib436635_7080_3_1_(paired)_trimmed_(paired)_mapping_-_Extracted_nucleotide_sequences_[NG-25720_PPCC_MCI_lib436635_7080_3_1]_(single)_contig_24	44438	46369	-	464.0	464
406at2085	Complete	NG-25720_PPCC_MCI_lib436635_7080_3_1_(paired)_trimmed_(paired)_mapping_-_Extracted_nucleotide_sequences_[NG-25720_PPCC_MCI_lib436635_7080_3_1]_(single)_contig_10	3562	5397	+	622.7	487
462at2085	Complete	NG-25720_PPCC_MCI_lib436635_7080_3_1_(paired)_trimmed_(paired)_mapping_-_Extracted_nucleotide_sequences_[NG-25720_PPCC_MCI_lib436635_7080_3_1]_(single)_contig_23	18533	20947	-	766.1	660
482at2085	Complete	NG-25720_PPCC_MCI_lib436635_7080_3_1_(paired)_trimmed_(paired)_mapping_-_Extracted_nucleotide_sequences_[NG-25720_PPCC_MCI_lib436635_7080_3_1]_(single)_contig_5	48806	50920	-	478.9	563
492at2085	Complete	NG-25720_PPCC_MCI_lib436635_7080_3_1_(paired)_trimmed_(paired)_mapping_-_Extracted_nucleotide_sequences_[NG-25720_PPCC_MCI_lib436635_7080_3_1]_(single)_contig_11	7118	8893	-	763.2	510
501at2085	Complete	NG-25720_PPCC_MCI_lib436635_7080_3_1_(paired)_trimmed_(paired)_mapping_-_Extracted_nucleotide_sequences_[NG-25720_PPCC_MCI_lib436635_7080_3_1]_(single)_contig_3	14638	16440	+	809.4	524
533at2085	Complete	NG-25720_PPCC_MCI_lib436635_7080_3_1_(paired)_trimmed_(paired)_mapping_-_Extracted_nucleotide_sequences_[NG-25720_PPCC_MCI_lib436635_7080_3_1]_(single)_contig_1	24784	26673	-	746.8	522
534at2085	Complete	NG-25720_PPCC_MCI_lib436635_7080_3_1_(paired)_trimmed_(paired)_mapping_-_Extracted_nucleotide_sequences_[NG-25720_PPCC_MCI_lib436635_7080_3_1]_(single)_contig_17	56629	59247	-	865.7	750
539at2085	Complete	NG-25720_PPCC_MCI_lib436635_7080_3_1_(paired)_trimmed_(paired)_mapping_-_Extracted_nucleotide_sequences_[NG-25720_PPCC_MCI_lib436635_7080_3_1]_(single)_contig_17	9785	11704	+	747.1	539
543at2085	Complete	NG-25720_PPCC_MCI_lib436635_7080_3_1_(paired)_trimmed_(paired)_mapping_-_Extracted_nucleotide_sequences_[NG-25720_PPCC_MCI_lib436635_7080_3_1]_(single)_contig_12	8244	11204	-	549.7	613
584at2085	Complete	NG-25720_PPCC_MCI_lib436635_7080_3_1_(paired)_trimmed_(paired)_mapping_-_Extracted_nucleotide_sequences_[NG-25720_PPCC_MCI_lib436635_7080_3_1]_(single)_contig_1	50828	52837	+	345.9	472
697at2085	Complete	NG-25720_PPCC_MCI_lib436635_7080_3_1_(paired)_trimmed_(paired)_mapping_-_Extracted_nucleotide_sequences_[NG-25720_PPCC_MCI_lib436635_7080_3_1]_(single)_contig_41	4928	6523	+	469.8	420
699at2085	Complete	NG-25720_PPCC_MCI_lib436635_7080_3_1_(paired)_trimmed_(paired)_mapping_-_Extracted_nucleotide_sequences_[NG-25720_PPCC_MCI_lib436635_7080_3_1]_(single)_contig_16	4184	6181	+	733.4	567
705at2085	Complete	NG-25720_PPCC_MCI_lib436635_7080_3_1_(paired)_trimmed_(paired)_mapping_-_Extracted_nucleotide_sequences_[NG-25720_PPCC_MCI_lib436635_7080_3_1]_(single)_contig_20	21124	22311	+	590.0	341
759at2085	Complete	NG-25720_PPCC_MCI_lib436635_7080_3_1_(paired)_trimmed_(paired)_mapping_-_Extracted_nucleotide_sequences_[NG-25720_PPCC_MCI_lib436635_7080_3_1]_(single)_contig_1	1542	3044	-	530.5	367
801at2085	Complete	NG-25720_PPCC_MCI_lib436635_7080_3_1_(paired)_trimmed_(paired)_mapping_-_Extracted_nucleotide_sequences_[NG-25720_PPCC_MCI_lib436635_7080_3_1]_(single)_contig_6	4072	5934	-	574.5	485
812at2085	Complete	NG-25720_PPCC_MCI_lib436635_7080_3_1_(paired)_trimmed_(paired)_mapping_-_Extracted_nucleotide_sequences_[NG-25720_PPCC_MCI_lib436635_7080_3_1]_(single)_contig_1	44978	46330	+	265.1	303
886at2085	Complete	NG-25720_PPCC_MCI_lib436635_7080_3_1_(paired)_trimmed_(paired)_mapping_-_Extracted_nucleotide_sequences_[NG-25720_PPCC_MCI_lib436635_7080_3_1]_(single)_contig_27	13855	15306	+	536.1	433
887at2085	Complete	NG-25720_PPCC_MCI_lib436635_7080_3_1_(paired)_trimmed_(paired)_mapping_-_Extracted_nucleotide_sequences_[NG-25720_PPCC_MCI_lib436635_7080_3_1]_(single)_contig_5	29233	30810	+	670.3	440
908at2085	Complete	NG-25720_PPCC_MCI_lib436635_7080_3_1_(paired)_trimmed_(paired)_mapping_-_Extracted_nucleotide_sequences_[NG-25720_PPCC_MCI_lib436635_7080_3_1]_(single)_contig_3	17299	19026	-	508.0	421
913at2085	Complete	NG-25720_PPCC_MCI_lib436635_7080_3_1_(paired)_trimmed_(paired)_mapping_-_Extracted_nucleotide_sequences_[NG-25720_PPCC_MCI_lib436635_7080_3_1]_(single)_contig_4	19862	21391	-	469.9	392
946at2085	Complete	NG-25720_PPCC_MCI_lib436635_7080_3_1_(paired)_trimmed_(paired)_mapping_-_Extracted_nucleotide_sequences_[NG-25720_PPCC_MCI_lib436635_7080_3_1]_(single)_contig_17	53107	54858	-	381.0	439
955at2085	Complete	NG-25720_PPCC_MCI_lib436635_7080_3_1_(paired)_trimmed_(paired)_mapping_-_Extracted_nucleotide_sequences_[NG-25720_PPCC_MCI_lib436635_7080_3_1]_(single)_contig_13	26215	27585	+	474.1	349
1041at2085	Complete	NG-25720_PPCC_MCI_lib436635_7080_3_1_(paired)_trimmed_(paired)_mapping_-_Extracted_nucleotide_sequences_[NG-25720_PPCC_MCI_lib436635_7080_3_1]_(single)_contig_15	8794	10800	+	462.8	496
1043at2085	Complete	NG-25720_PPCC_MCI_lib436635_7080_3_1_(paired)_trimmed_(paired)_mapping_-_Extracted_nucleotide_sequences_[NG-25720_PPCC_MCI_lib436635_7080_3_1]_(single)_contig_5	31663	33093	+	699.3	398
1064at2085	Complete	NG-25720_PPCC_MCI_lib436635_7080_3_1_(paired)_trimmed_(paired)_mapping_-_Extracted_nucleotide_sequences_[NG-25720_PPCC_MCI_lib436635_7080_3_1]_(single)_contig_14	17325	18380	-	389.3	303
1140at2085	Complete	NG-25720_PPCC_MCI_lib436635_7080_3_1_(paired)_trimmed_(paired)_mapping_-_Extracted_nucleotide_sequences_[NG-25720_PPCC_MCI_lib436635_7080_3_1]_(single)_contig_8	27691	28998	-	390.9	346
1146at2085	Complete	NG-25720_PPCC_MCI_lib436635_7080_3_1_(paired)_trimmed_(paired)_mapping_-_Extracted_nucleotide_sequences_[NG-25720_PPCC_MCI_lib436635_7080_3_1]_(single)_contig_8	19710	21053	-	447.0	373
1180at2085	Complete	NG-25720_PPCC_MCI_lib436635_7080_3_1_(paired)_trimmed_(paired)_mapping_-_Extracted_nucleotide_sequences_[NG-25720_PPCC_MCI_lib436635_7080_3_1]_(single)_contig_12	1269	2285	-	365.9	265
1182at2085	Complete	NG-25720_PPCC_MCI_lib436635_7080_3_1_(paired)_trimmed_(paired)_mapping_-_Extracted_nucleotide_sequences_[NG-25720_PPCC_MCI_lib436635_7080_3_1]_(single)_contig_15	12557	13996	+	404.6	397
1184at2085	Complete	NG-25720_PPCC_MCI_lib436635_7080_3_1_(paired)_trimmed_(paired)_mapping_-_Extracted_nucleotide_sequences_[NG-25720_PPCC_MCI_lib436635_7080_3_1]_(single)_contig_24	7965	9329	-	454.2	348
1307at2085	Complete	NG-25720_PPCC_MCI_lib436635_7080_3_1_(paired)_trimmed_(paired)_mapping_-_Extracted_nucleotide_sequences_[NG-25720_PPCC_MCI_lib436635_7080_3_1]_(single)_contig_11	279	1943	-	390.0	399
1328at2085	Complete	NG-25720_PPCC_MCI_lib436635_7080_3_1_(paired)_trimmed_(paired)_mapping_-_Extracted_nucleotide_sequences_[NG-25720_PPCC_MCI_lib436635_7080_3_1]_(single)_contig_1	4431	5699	-	403.1	325
1338at2085	Complete	NG-25720_PPCC_MCI_lib436635_7080_3_1_(paired)_trimmed_(paired)_mapping_-_Extracted_nucleotide_sequences_[NG-25720_PPCC_MCI_lib436635_7080_3_1]_(single)_contig_24	12838	14196	+	335.4	357
1371at2085	Complete	NG-25720_PPCC_MCI_lib436635_7080_3_1_(paired)_trimmed_(paired)_mapping_-_Extracted_nucleotide_sequences_[NG-25720_PPCC_MCI_lib436635_7080_3_1]_(single)_contig_13	22210	23994	+	161.1	516
1384at2085	Complete	NG-25720_PPCC_MCI_lib436635_7080_3_1_(paired)_trimmed_(paired)_mapping_-_Extracted_nucleotide_sequences_[NG-25720_PPCC_MCI_lib436635_7080_3_1]_(single)_contig_15	31838	33286	+	440.9	380
1410at2085	Complete	NG-25720_PPCC_MCI_lib436635_7080_3_1_(paired)_trimmed_(paired)_mapping_-_Extracted_nucleotide_sequences_[NG-25720_PPCC_MCI_lib436635_7080_3_1]_(single)_contig_17	48471	50225	-	386.5	443
1416at2085	Complete	NG-25720_PPCC_MCI_lib436635_7080_3_1_(paired)_trimmed_(paired)_mapping_-_Extracted_nucleotide_sequences_[NG-25720_PPCC_MCI_lib436635_7080_3_1]_(single)_contig_6	6502	8178	-	196.6	371
1451at2085	Complete	NG-25720_PPCC_MCI_lib436635_7080_3_1_(paired)_trimmed_(paired)_mapping_-_Extracted_nucleotide_sequences_[NG-25720_PPCC_MCI_lib436635_7080_3_1]_(single)_contig_13	75061	76344	+	369.0	329
1484at2085	Complete	NG-25720_PPCC_MCI_lib436635_7080_3_1_(paired)_trimmed_(paired)_mapping_-_Extracted_nucleotide_sequences_[NG-25720_PPCC_MCI_lib436635_7080_3_1]_(single)_contig_12	2	1138	-	388.3	306
1490at2085	Complete	NG-25720_PPCC_MCI_lib436635_7080_3_1_(paired)_trimmed_(paired)_mapping_-_Extracted_nucleotide_sequences_[NG-25720_PPCC_MCI_lib436635_7080_3_1]_(single)_contig_5	57906	59234	+	290.2	402
1519at2085	Complete	NG-25720_PPCC_MCI_lib436635_7080_3_1_(paired)_trimmed_(paired)_mapping_-_Extracted_nucleotide_sequences_[NG-25720_PPCC_MCI_lib436635_7080_3_1]_(single)_contig_15	36052	37005	+	256.2	247
1529at2085	Complete	NG-25720_PPCC_MCI_lib436635_7080_3_1_(paired)_trimmed_(paired)_mapping_-_Extracted_nucleotide_sequences_[NG-25720_PPCC_MCI_lib436635_7080_3_1]_(single)_contig_3	11666	13090	+	527.1	396
1617at2085	Complete	NG-25720_PPCC_MCI_lib436635_7080_3_1_(paired)_trimmed_(paired)_mapping_-_Extracted_nucleotide_sequences_[NG-25720_PPCC_MCI_lib436635_7080_3_1]_(single)_contig_15	24466	25311	+	433.2	244
1633at2085	Complete	NG-25720_PPCC_MCI_lib436635_7080_3_1_(paired)_trimmed_(paired)_mapping_-_Extracted_nucleotide_sequences_[NG-25720_PPCC_MCI_lib436635_7080_3_1]_(single)_contig_13	56476	57696	+	296.5	360
1647at2085	Complete	NG-25720_PPCC_MCI_lib436635_7080_3_1_(paired)_trimmed_(paired)_mapping_-_Extracted_nucleotide_sequences_[NG-25720_PPCC_MCI_lib436635_7080_3_1]_(single)_contig_6	15130	16206	-	318.7	243
1679at2085	Complete	NG-25720_PPCC_MCI_lib436635_7080_3_1_(paired)_trimmed_(paired)_mapping_-_Extracted_nucleotide_sequences_[NG-25720_PPCC_MCI_lib436635_7080_3_1]_(single)_contig_8	16149	17099	-	268.3	257
1683at2085	Complete	NG-25720_PPCC_MCI_lib436635_7080_3_1_(paired)_trimmed_(paired)_mapping_-_Extracted_nucleotide_sequences_[NG-25720_PPCC_MCI_lib436635_7080_3_1]_(single)_contig_24	29655	30749	+	351.9	290
1693at2085	Complete	NG-25720_PPCC_MCI_lib436635_7080_3_1_(paired)_trimmed_(paired)_mapping_-_Extracted_nucleotide_sequences_[NG-25720_PPCC_MCI_lib436635_7080_3_1]_(single)_contig_5	55429	56463	+	324.5	256
1770at2085	Complete	NG-25720_PPCC_MCI_lib436635_7080_3_1_(paired)_trimmed_(paired)_mapping_-_Extracted_nucleotide_sequences_[NG-25720_PPCC_MCI_lib436635_7080_3_1]_(single)_contig_7	3214	4146	-	263.4	235
1797at2085	Complete	NG-25720_PPCC_MCI_lib436635_7080_3_1_(paired)_trimmed_(paired)_mapping_-_Extracted_nucleotide_sequences_[NG-25720_PPCC_MCI_lib436635_7080_3_1]_(single)_contig_20	10494	11585	+	411.0	306
1813at2085	Complete	NG-25720_PPCC_MCI_lib436635_7080_3_1_(paired)_trimmed_(paired)_mapping_-_Extracted_nucleotide_sequences_[NG-25720_PPCC_MCI_lib436635_7080_3_1]_(single)_contig_13	70690	71928	+	269.2	308
1827at2085	Complete	NG-25720_PPCC_MCI_lib436635_7080_3_1_(paired)_trimmed_(paired)_mapping_-_Extracted_nucleotide_sequences_[NG-25720_PPCC_MCI_lib436635_7080_3_1]_(single)_contig_17	3	1232	+	510.0	349
1830at2085	Complete	NG-25720_PPCC_MCI_lib436635_7080_3_1_(paired)_trimmed_(paired)_mapping_-_Extracted_nucleotide_sequences_[NG-25720_PPCC_MCI_lib436635_7080_3_1]_(single)_contig_5	61650	62975	+	334.8	329
1851at2085	Complete	NG-25720_PPCC_MCI_lib436635_7080_3_1_(paired)_trimmed_(paired)_mapping_-_Extracted_nucleotide_sequences_[NG-25720_PPCC_MCI_lib436635_7080_3_1]_(single)_contig_8	4129	5430	-	413.9	365
1886at2085	Complete	NG-25720_PPCC_MCI_lib436635_7080_3_1_(paired)_trimmed_(paired)_mapping_-_Extracted_nucleotide_sequences_[NG-25720_PPCC_MCI_lib436635_7080_3_1]_(single)_contig_27	6192	6989	-	121.4	197
1930at2085	Complete	NG-25720_PPCC_MCI_lib436635_7080_3_1_(paired)_trimmed_(paired)_mapping_-_Extracted_nucleotide_sequences_[NG-25720_PPCC_MCI_lib436635_7080_3_1]_(single)_contig_34	30303	31256	-	183.8	186
1978at2085	Complete	NG-25720_PPCC_MCI_lib436635_7080_3_1_(paired)_trimmed_(paired)_mapping_-_Extracted_nucleotide_sequences_[NG-25720_PPCC_MCI_lib436635_7080_3_1]_(single)_contig_34	10902	11825	+	327.3	275
1992at2085	Complete	NG-25720_PPCC_MCI_lib436635_7080_3_1_(paired)_trimmed_(paired)_mapping_-_Extracted_nucleotide_sequences_[NG-25720_PPCC_MCI_lib436635_7080_3_1]_(single)_contig_11	9557	10579	-	204.1	257
1993at2085	Complete	NG-25720_PPCC_MCI_lib436635_7080_3_1_(paired)_trimmed_(paired)_mapping_-_Extracted_nucleotide_sequences_[NG-25720_PPCC_MCI_lib436635_7080_3_1]_(single)_contig_6	16364	17374	+	352.4	275
2000at2085	Complete	NG-25720_PPCC_MCI_lib436635_7080_3_1_(paired)_trimmed_(paired)_mapping_-_Extracted_nucleotide_sequences_[NG-25720_PPCC_MCI_lib436635_7080_3_1]_(single)_contig_23	2324	3568	-	379.9	355
2014at2085	Complete	NG-25720_PPCC_MCI_lib436635_7080_3_1_(paired)_trimmed_(paired)_mapping_-_Extracted_nucleotide_sequences_[NG-25720_PPCC_MCI_lib436635_7080_3_1]_(single)_contig_11	4856	5731	-	289.9	218
2086at2085	Complete	NG-25720_PPCC_MCI_lib436635_7080_3_1_(paired)_trimmed_(paired)_mapping_-_Extracted_nucleotide_sequences_[NG-25720_PPCC_MCI_lib436635_7080_3_1]_(single)_contig_15	11098	12555	+	360.0	335
2092at2085	Complete	NG-25720_PPCC_MCI_lib436635_7080_3_1_(paired)_trimmed_(paired)_mapping_-_Extracted_nucleotide_sequences_[NG-25720_PPCC_MCI_lib436635_7080_3_1]_(single)_contig_13	266	1393	+	416.5	295
2116at2085	Complete	NG-25720_PPCC_MCI_lib436635_7080_3_1_(paired)_trimmed_(paired)_mapping_-_Extracted_nucleotide_sequences_[NG-25720_PPCC_MCI_lib436635_7080_3_1]_(single)_contig_13	27622	29436	+	268.4	330
2118at2085	Complete	NG-25720_PPCC_MCI_lib436635_7080_3_1_(paired)_trimmed_(paired)_mapping_-_Extracted_nucleotide_sequences_[NG-25720_PPCC_MCI_lib436635_7080_3_1]_(single)_contig_7	14134	16518	-	381.7	651
2170at2085	Complete	NG-25720_PPCC_MCI_lib436635_7080_3_1_(paired)_trimmed_(paired)_mapping_-_Extracted_nucleotide_sequences_[NG-25720_PPCC_MCI_lib436635_7080_3_1]_(single)_contig_15	14840	16441	+	301.5	371
2183at2085	Complete	NG-25720_PPCC_MCI_lib436635_7080_3_1_(paired)_trimmed_(paired)_mapping_-_Extracted_nucleotide_sequences_[NG-25720_PPCC_MCI_lib436635_7080_3_1]_(single)_contig_17	8079	9515	+	499.6	355
2279at2085	Complete	NG-25720_PPCC_MCI_lib436635_7080_3_1_(paired)_trimmed_(paired)_mapping_-_Extracted_nucleotide_sequences_[NG-25720_PPCC_MCI_lib436635_7080_3_1]_(single)_contig_5	5213	6082	-	265.6	221
2313at2085	Complete	NG-25720_PPCC_MCI_lib436635_7080_3_1_(paired)_trimmed_(paired)_mapping_-_Extracted_nucleotide_sequences_[NG-25720_PPCC_MCI_lib436635_7080_3_1]_(single)_contig_13	58993	60156	+	362.0	272
2353at2085	Complete	NG-25720_PPCC_MCI_lib436635_7080_3_1_(paired)_trimmed_(paired)_mapping_-_Extracted_nucleotide_sequences_[NG-25720_PPCC_MCI_lib436635_7080_3_1]_(single)_contig_20	1348	2316	+	312.5	223
2413at2085	Complete	NG-25720_PPCC_MCI_lib436635_7080_3_1_(paired)_trimmed_(paired)_mapping_-_Extracted_nucleotide_sequences_[NG-25720_PPCC_MCI_lib436635_7080_3_1]_(single)_contig_5	10474	11154	+	227.5	174
2451at2085	Complete	NG-25720_PPCC_MCI_lib436635_7080_3_1_(paired)_trimmed_(paired)_mapping_-_Extracted_nucleotide_sequences_[NG-25720_PPCC_MCI_lib436635_7080_3_1]_(single)_contig_8	22765	23802	-	420.6	267
2452at2085	Complete	NG-25720_PPCC_MCI_lib436635_7080_3_1_(paired)_trimmed_(paired)_mapping_-_Extracted_nucleotide_sequences_[NG-25720_PPCC_MCI_lib436635_7080_3_1]_(single)_contig_7	16527	17579	-	253.4	254
2529at2085	Complete	NG-25720_PPCC_MCI_lib436635_7080_3_1_(paired)_trimmed_(paired)_mapping_-_Extracted_nucleotide_sequences_[NG-25720_PPCC_MCI_lib436635_7080_3_1]_(single)_contig_3	19035	20279	-	290.0	280
2558at2085	Complete	NG-25720_PPCC_MCI_lib436635_7080_3_1_(paired)_trimmed_(paired)_mapping_-_Extracted_nucleotide_sequences_[NG-25720_PPCC_MCI_lib436635_7080_3_1]_(single)_contig_13	58009	58782	+	214.6	214
2568at2085	Complete	NG-25720_PPCC_MCI_lib436635_7080_3_1_(paired)_trimmed_(paired)_mapping_-_Extracted_nucleotide_sequences_[NG-25720_PPCC_MCI_lib436635_7080_3_1]_(single)_contig_15	25976	26677	+	240.1	186
2571at2085	Complete	NG-25720_PPCC_MCI_lib436635_7080_3_1_(paired)_trimmed_(paired)_mapping_-_Extracted_nucleotide_sequences_[NG-25720_PPCC_MCI_lib436635_7080_3_1]_(single)_contig_8	28998	29666	-	196.7	179
2577at2085	Complete	NG-25720_PPCC_MCI_lib436635_7080_3_1_(paired)_trimmed_(paired)_mapping_-_Extracted_nucleotide_sequences_[NG-25720_PPCC_MCI_lib436635_7080_3_1]_(single)_contig_11	3957	4844	-	221.4	242
2636at2085	Complete	NG-25720_PPCC_MCI_lib436635_7080_3_1_(paired)_trimmed_(paired)_mapping_-_Extracted_nucleotide_sequences_[NG-25720_PPCC_MCI_lib436635_7080_3_1]_(single)_contig_16	15814	16743	+	166.2	211
2656at2085	Complete	NG-25720_PPCC_MCI_lib436635_7080_3_1_(paired)_trimmed_(paired)_mapping_-_Extracted_nucleotide_sequences_[NG-25720_PPCC_MCI_lib436635_7080_3_1]_(single)_contig_13	24497	25402	+	234.7	264
2666at2085	Missing
2694at2085	Complete	NG-25720_PPCC_MCI_lib436635_7080_3_1_(paired)_trimmed_(paired)_mapping_-_Extracted_nucleotide_sequences_[NG-25720_PPCC_MCI_lib436635_7080_3_1]_(single)_contig_41	3350	4096	+	207.5	185
2695at2085	Missing
2804at2085	Complete	NG-25720_PPCC_MCI_lib436635_7080_3_1_(paired)_trimmed_(paired)_mapping_-_Extracted_nucleotide_sequences_[NG-25720_PPCC_MCI_lib436635_7080_3_1]_(single)_contig_15	22819	23490	+	283.2	209
2868at2085	Complete	NG-25720_PPCC_MCI_lib436635_7080_3_1_(paired)_trimmed_(paired)_mapping_-_Extracted_nucleotide_sequences_[NG-25720_PPCC_MCI_lib436635_7080_3_1]_(single)_contig_24	11342	12301	-	291.9	246
2930at2085	Complete	NG-25720_PPCC_MCI_lib436635_7080_3_1_(paired)_trimmed_(paired)_mapping_-_Extracted_nucleotide_sequences_[NG-25720_PPCC_MCI_lib436635_7080_3_1]_(single)_contig_7	11984	12913	-	317.3	274
2936at2085	Complete	NG-25720_PPCC_MCI_lib436635_7080_3_1_(paired)_trimmed_(paired)_mapping_-_Extracted_nucleotide_sequences_[NG-25720_PPCC_MCI_lib436635_7080_3_1]_(single)_contig_17	28685	29311	-	250.6	197
2961at2085	Complete	NG-25720_PPCC_MCI_lib436635_7080_3_1_(paired)_trimmed_(paired)_mapping_-_Extracted_nucleotide_sequences_[NG-25720_PPCC_MCI_lib436635_7080_3_1]_(single)_contig_15	34056	34811	+	220.2	202
2972at2085	Complete	NG-25720_PPCC_MCI_lib436635_7080_3_1_(paired)_trimmed_(paired)_mapping_-_Extracted_nucleotide_sequences_[NG-25720_PPCC_MCI_lib436635_7080_3_1]_(single)_contig_8	17586	18308	-	232.8	187
2991at2085	Complete	NG-25720_PPCC_MCI_lib436635_7080_3_1_(paired)_trimmed_(paired)_mapping_-_Extracted_nucleotide_sequences_[NG-25720_PPCC_MCI_lib436635_7080_3_1]_(single)_contig_14	19337	19882	-	125.8	107
3001at2085	Complete	NG-25720_PPCC_MCI_lib436635_7080_3_1_(paired)_trimmed_(paired)_mapping_-_Extracted_nucleotide_sequences_[NG-25720_PPCC_MCI_lib436635_7080_3_1]_(single)_contig_8	2006	3109	-	255.6	267
3036at2085	Complete	NG-25720_PPCC_MCI_lib436635_7080_3_1_(paired)_trimmed_(paired)_mapping_-_Extracted_nucleotide_sequences_[NG-25720_PPCC_MCI_lib436635_7080_3_1]_(single)_contig_15	28509	29051	+	244.3	157
3066at2085	Complete	NG-25720_PPCC_MCI_lib436635_7080_3_1_(paired)_trimmed_(paired)_mapping_-_Extracted_nucleotide_sequences_[NG-25720_PPCC_MCI_lib436635_7080_3_1]_(single)_contig_13	5306	5860	+	195.3	158
3112at2085	Complete	NG-25720_PPCC_MCI_lib436635_7080_3_1_(paired)_trimmed_(paired)_mapping_-_Extracted_nucleotide_sequences_[NG-25720_PPCC_MCI_lib436635_7080_3_1]_(single)_contig_24	28102	28722	+	132.4	159
3146at2085	Complete	NG-25720_PPCC_MCI_lib436635_7080_3_1_(paired)_trimmed_(paired)_mapping_-_Extracted_nucleotide_sequences_[NG-25720_PPCC_MCI_lib436635_7080_3_1]_(single)_contig_16	13431	14363	+	275.8	234
3195at2085	Complete	NG-25720_PPCC_MCI_lib436635_7080_3_1_(paired)_trimmed_(paired)_mapping_-_Extracted_nucleotide_sequences_[NG-25720_PPCC_MCI_lib436635_7080_3_1]_(single)_contig_5	30812	31654	+	181.5	209
3266at2085	Complete	NG-25720_PPCC_MCI_lib436635_7080_3_1_(paired)_trimmed_(paired)_mapping_-_Extracted_nucleotide_sequences_[NG-25720_PPCC_MCI_lib436635_7080_3_1]_(single)_contig_15	39630	40640	+	236.9	228
3273at2085	Complete	NG-25720_PPCC_MCI_lib436635_7080_3_1_(paired)_trimmed_(paired)_mapping_-_Extracted_nucleotide_sequences_[NG-25720_PPCC_MCI_lib436635_7080_3_1]_(single)_contig_34	26643	27533	-	218.2	199
3282at2085	Complete	NG-25720_PPCC_MCI_lib436635_7080_3_1_(paired)_trimmed_(paired)_mapping_-_Extracted_nucleotide_sequences_[NG-25720_PPCC_MCI_lib436635_7080_3_1]_(single)_contig_15	5879	6787	+	177.0	206
3319at2085	Complete	NG-25720_PPCC_MCI_lib436635_7080_3_1_(paired)_trimmed_(paired)_mapping_-_Extracted_nucleotide_sequences_[NG-25720_PPCC_MCI_lib436635_7080_3_1]_(single)_contig_12	4665	5489	-	236.2	233
3342at2085	Complete	NG-25720_PPCC_MCI_lib436635_7080_3_1_(paired)_trimmed_(paired)_mapping_-_Extracted_nucleotide_sequences_[NG-25720_PPCC_MCI_lib436635_7080_3_1]_(single)_contig_34	16273	17499	-	264.9	290
3403at2085	Complete	NG-25720_PPCC_MCI_lib436635_7080_3_1_(paired)_trimmed_(paired)_mapping_-_Extracted_nucleotide_sequences_[NG-25720_PPCC_MCI_lib436635_7080_3_1]_(single)_contig_5	64264	64908	+	189.4	177
3406at2085	Complete	NG-25720_PPCC_MCI_lib436635_7080_3_1_(paired)_trimmed_(paired)_mapping_-_Extracted_nucleotide_sequences_[NG-25720_PPCC_MCI_lib436635_7080_3_1]_(single)_contig_11	2504	3217	-	248.1	207
3445at2085	Complete	NG-25720_PPCC_MCI_lib436635_7080_3_1_(paired)_trimmed_(paired)_mapping_-_Extracted_nucleotide_sequences_[NG-25720_PPCC_MCI_lib436635_7080_3_1]_(single)_contig_11	1945	2493	-	133.2	139
3486at2085	Complete	NG-25720_PPCC_MCI_lib436635_7080_3_1_(paired)_trimmed_(paired)_mapping_-_Extracted_nucleotide_sequences_[NG-25720_PPCC_MCI_lib436635_7080_3_1]_(single)_contig_5	25735	26358	+	212.2	168
3487at2085	Complete	NG-25720_PPCC_MCI_lib436635_7080_3_1_(paired)_trimmed_(paired)_mapping_-_Extracted_nucleotide_sequences_[NG-25720_PPCC_MCI_lib436635_7080_3_1]_(single)_contig_8	25312	25821	+	101.2	123
3504at2085	Complete	NG-25720_PPCC_MCI_lib436635_7080_3_1_(paired)_trimmed_(paired)_mapping_-_Extracted_nucleotide_sequences_[NG-25720_PPCC_MCI_lib436635_7080_3_1]_(single)_contig_5	62977	63711	+	169.7	174
3517at2085	Complete	NG-25720_PPCC_MCI_lib436635_7080_3_1_(paired)_trimmed_(paired)_mapping_-_Extracted_nucleotide_sequences_[NG-25720_PPCC_MCI_lib436635_7080_3_1]_(single)_contig_20	17920	18339	+	206.0	117
3531at2085	Complete	NG-25720_PPCC_MCI_lib436635_7080_3_1_(paired)_trimmed_(paired)_mapping_-_Extracted_nucleotide_sequences_[NG-25720_PPCC_MCI_lib436635_7080_3_1]_(single)_contig_5	10046	10474	+	222.2	135
3550at2085	Complete	NG-25720_PPCC_MCI_lib436635_7080_3_1_(paired)_trimmed_(paired)_mapping_-_Extracted_nucleotide_sequences_[NG-25720_PPCC_MCI_lib436635_7080_3_1]_(single)_contig_8	31467	32027	+	154.1	158
3570at2085	Complete	NG-25720_PPCC_MCI_lib436635_7080_3_1_(paired)_trimmed_(paired)_mapping_-_Extracted_nucleotide_sequences_[NG-25720_PPCC_MCI_lib436635_7080_3_1]_(single)_contig_20	9862	10491	+	176.1	156
3640at2085	Complete	NG-25720_PPCC_MCI_lib436635_7080_3_1_(paired)_trimmed_(paired)_mapping_-_Extracted_nucleotide_sequences_[NG-25720_PPCC_MCI_lib436635_7080_3_1]_(single)_contig_5	11387	11884	+	142.6	125
3656at2085	Complete	NG-25720_PPCC_MCI_lib436635_7080_3_1_(paired)_trimmed_(paired)_mapping_-_Extracted_nucleotide_sequences_[NG-25720_PPCC_MCI_lib436635_7080_3_1]_(single)_contig_20	11578	12426	+	111.8	193
3687at2085	Complete	NG-25720_PPCC_MCI_lib436635_7080_3_1_(paired)_trimmed_(paired)_mapping_-_Extracted_nucleotide_sequences_[NG-25720_PPCC_MCI_lib436635_7080_3_1]_(single)_contig_13	46783	47481	-	144.3	160
3833at2085	Complete	NG-25720_PPCC_MCI_lib436635_7080_3_1_(paired)_trimmed_(paired)_mapping_-_Extracted_nucleotide_sequences_[NG-25720_PPCC_MCI_lib436635_7080_3_1]_(single)_contig_15	29680	30222	+	215.3	160
3843at2085	Complete	NG-25720_PPCC_MCI_lib436635_7080_3_1_(paired)_trimmed_(paired)_mapping_-_Extracted_nucleotide_sequences_[NG-25720_PPCC_MCI_lib436635_7080_3_1]_(single)_contig_17	60642	61544	-	204.9	220
3848at2085	Complete	NG-25720_PPCC_MCI_lib436635_7080_3_1_(paired)_trimmed_(paired)_mapping_-_Extracted_nucleotide_sequences_[NG-25720_PPCC_MCI_lib436635_7080_3_1]_(single)_contig_41	16447	17109	+	166.4	174
3895at2085	Complete	NG-25720_PPCC_MCI_lib436635_7080_3_1_(paired)_trimmed_(paired)_mapping_-_Extracted_nucleotide_sequences_[NG-25720_PPCC_MCI_lib436635_7080_3_1]_(single)_contig_15	33415	34056	+	165.2	164
3904at2085	Complete	NG-25720_PPCC_MCI_lib436635_7080_3_1_(paired)_trimmed_(paired)_mapping_-_Extracted_nucleotide_sequences_[NG-25720_PPCC_MCI_lib436635_7080_3_1]_(single)_contig_13	6197	7483	+	302.0	339
3914at2085	Complete	NG-25720_PPCC_MCI_lib436635_7080_3_1_(paired)_trimmed_(paired)_mapping_-_Extracted_nucleotide_sequences_[NG-25720_PPCC_MCI_lib436635_7080_3_1]_(single)_contig_15	26680	27093	+	178.6	117
3920at2085	Complete	NG-25720_PPCC_MCI_lib436635_7080_3_1_(paired)_trimmed_(paired)_mapping_-_Extracted_nucleotide_sequences_[NG-25720_PPCC_MCI_lib436635_7080_3_1]_(single)_contig_15	30617	31381	+	211.9	174
3946at2085	Complete	NG-25720_PPCC_MCI_lib436635_7080_3_1_(paired)_trimmed_(paired)_mapping_-_Extracted_nucleotide_sequences_[NG-25720_PPCC_MCI_lib436635_7080_3_1]_(single)_contig_5	26897	27757	+	245.9	218
3960at2085	Complete	NG-25720_PPCC_MCI_lib436635_7080_3_1_(paired)_trimmed_(paired)_mapping_-_Extracted_nucleotide_sequences_[NG-25720_PPCC_MCI_lib436635_7080_3_1]_(single)_contig_15	45782	46237	+	161.0	124
4055at2085	Complete	NG-25720_PPCC_MCI_lib436635_7080_3_1_(paired)_trimmed_(paired)_mapping_-_Extracted_nucleotide_sequences_[NG-25720_PPCC_MCI_lib436635_7080_3_1]_(single)_contig_15	29277	29666	+	126.3	103
4100at2085	Complete	NG-25720_PPCC_MCI_lib436635_7080_3_1_(paired)_trimmed_(paired)_mapping_-_Extracted_nucleotide_sequences_[NG-25720_PPCC_MCI_lib436635_7080_3_1]_(single)_contig_20	18429	18896	+	269.8	145
4107at2085	Complete	NG-25720_PPCC_MCI_lib436635_7080_3_1_(paired)_trimmed_(paired)_mapping_-_Extracted_nucleotide_sequences_[NG-25720_PPCC_MCI_lib436635_7080_3_1]_(single)_contig_5	56770	57330	+	169.7	160
4128at2085	Complete	NG-25720_PPCC_MCI_lib436635_7080_3_1_(paired)_trimmed_(paired)_mapping_-_Extracted_nucleotide_sequences_[NG-25720_PPCC_MCI_lib436635_7080_3_1]_(single)_contig_15	27782	28150	+	163.3	107
4148at2085	Complete	NG-25720_PPCC_MCI_lib436635_7080_3_1_(paired)_trimmed_(paired)_mapping_-_Extracted_nucleotide_sequences_[NG-25720_PPCC_MCI_lib436635_7080_3_1]_(single)_contig_1	48191	48991	+	202.4	208
4184at2085	Complete	NG-25720_PPCC_MCI_lib436635_7080_3_1_(paired)_trimmed_(paired)_mapping_-_Extracted_nucleotide_sequences_[NG-25720_PPCC_MCI_lib436635_7080_3_1]_(single)_contig_15	28164	28490	+	72.5	86
4221at2085	Complete	NG-25720_PPCC_MCI_lib436635_7080_3_1_(paired)_trimmed_(paired)_mapping_-_Extracted_nucleotide_sequences_[NG-25720_PPCC_MCI_lib436635_7080_3_1]_(single)_contig_17	2121	2552	+	103.2	109
4257at2085	Complete	NG-25720_PPCC_MCI_lib436635_7080_3_1_(paired)_trimmed_(paired)_mapping_-_Extracted_nucleotide_sequences_[NG-25720_PPCC_MCI_lib436635_7080_3_1]_(single)_contig_5	48350	48796	-	100.4	112
4276at2085	Complete	NG-25720_PPCC_MCI_lib436635_7080_3_1_(paired)_trimmed_(paired)_mapping_-_Extracted_nucleotide_sequences_[NG-25720_PPCC_MCI_lib436635_7080_3_1]_(single)_contig_14	21308	22201	+	200.2	169
4293at2085	Complete	NG-25720_PPCC_MCI_lib436635_7080_3_1_(paired)_trimmed_(paired)_mapping_-_Extracted_nucleotide_sequences_[NG-25720_PPCC_MCI_lib436635_7080_3_1]_(single)_contig_8	17201	17584	-	126.7	99
4319at2085	Complete	NG-25720_PPCC_MCI_lib436635_7080_3_1_(paired)_trimmed_(paired)_mapping_-_Extracted_nucleotide_sequences_[NG-25720_PPCC_MCI_lib436635_7080_3_1]_(single)_contig_15	22436	22744	+	111.9	80
4322at2085	Complete	NG-25720_PPCC_MCI_lib436635_7080_3_1_(paired)_trimmed_(paired)_mapping_-_Extracted_nucleotide_sequences_[NG-25720_PPCC_MCI_lib436635_7080_3_1]_(single)_contig_15	46237	46635	+	140.6	110
4324at2085	Complete	NG-25720_PPCC_MCI_lib436635_7080_3_1_(paired)_trimmed_(paired)_mapping_-_Extracted_nucleotide_sequences_[NG-25720_PPCC_MCI_lib436635_7080_3_1]_(single)_contig_17	43930	44520	-	124.4	120
4330at2085	Complete	NG-25720_PPCC_MCI_lib436635_7080_3_1_(paired)_trimmed_(paired)_mapping_-_Extracted_nucleotide_sequences_[NG-25720_PPCC_MCI_lib436635_7080_3_1]_(single)_contig_15	35268	35633	+	149.4	98
4353at2085	Complete	NG-25720_PPCC_MCI_lib436635_7080_3_1_(paired)_trimmed_(paired)_mapping_-_Extracted_nucleotide_sequences_[NG-25720_PPCC_MCI_lib436635_7080_3_1]_(single)_contig_15	31401	31838	+	107.6	97
4367at2085	Complete	NG-25720_PPCC_MCI_lib436635_7080_3_1_(paired)_trimmed_(paired)_mapping_-_Extracted_nucleotide_sequences_[NG-25720_PPCC_MCI_lib436635_7080_3_1]_(single)_contig_17	47906	48379	-	131.8	122
4388at2085	Complete	NG-25720_PPCC_MCI_lib436635_7080_3_1_(paired)_trimmed_(paired)_mapping_-_Extracted_nucleotide_sequences_[NG-25720_PPCC_MCI_lib436635_7080_3_1]_(single)_contig_15	35659	36048	+	148.8	101
4488at2085	Complete	NG-25720_PPCC_MCI_lib436635_7080_3_1_(paired)_trimmed_(paired)_mapping_-_Extracted_nucleotide_sequences_[NG-25720_PPCC_MCI_lib436635_7080_3_1]_(single)_contig_14	18742	19101	-	129.1	90
4555at2085	Complete	NG-25720_PPCC_MCI_lib436635_7080_3_1_(paired)_trimmed_(paired)_mapping_-_Extracted_nucleotide_sequences_[NG-25720_PPCC_MCI_lib436635_7080_3_1]_(single)_contig_1	53432	54073	+	183.4	157
4584at2085	Complete	NG-25720_PPCC_MCI_lib436635_7080_3_1_(paired)_trimmed_(paired)_mapping_-_Extracted_nucleotide_sequences_[NG-25720_PPCC_MCI_lib436635_7080_3_1]_(single)_contig_34	25174	25455	-	131.0	68
4629at2085	Complete	NG-25720_PPCC_MCI_lib436635_7080_3_1_(paired)_trimmed_(paired)_mapping_-_Extracted_nucleotide_sequences_[NG-25720_PPCC_MCI_lib436635_7080_3_1]_(single)_contig_15	37025	37384	+	110.5	95
4648at2085	Complete	NG-25720_PPCC_MCI_lib436635_7080_3_1_(paired)_trimmed_(paired)_mapping_-_Extracted_nucleotide_sequences_[NG-25720_PPCC_MCI_lib436635_7080_3_1]_(single)_contig_13	64924	65319	-	126.9	101
4715at2085	Complete	NG-25720_PPCC_MCI_lib436635_7080_3_1_(paired)_trimmed_(paired)_mapping_-_Extracted_nucleotide_sequences_[NG-25720_PPCC_MCI_lib436635_7080_3_1]_(single)_contig_7	12922	13335	-	123.2	111
4756at2085	Complete	NG-25720_PPCC_MCI_lib436635_7080_3_1_(paired)_trimmed_(paired)_mapping_-_Extracted_nucleotide_sequences_[NG-25720_PPCC_MCI_lib436635_7080_3_1]_(single)_contig_1	1103	1411	+	81.9	81
4759at2085	Complete	NG-25720_PPCC_MCI_lib436635_7080_3_1_(paired)_trimmed_(paired)_mapping_-_Extracted_nucleotide_sequences_[NG-25720_PPCC_MCI_lib436635_7080_3_1]_(single)_contig_15	25333	25599	+	129.3	70
4923at2085	Complete	NG-25720_PPCC_MCI_lib436635_7080_3_1_(paired)_trimmed_(paired)_mapping_-_Extracted_nucleotide_sequences_[NG-25720_PPCC_MCI_lib436635_7080_3_1]_(single)_contig_5	23965	24408	+	138.5	124
4969at2085	Complete	NG-25720_PPCC_MCI_lib436635_7080_3_1_(paired)_trimmed_(paired)_mapping_-_Extracted_nucleotide_sequences_[NG-25720_PPCC_MCI_lib436635_7080_3_1]_(single)_contig_15	27509	27766	+	102.6	70
5049at2085	Complete	NG-25720_PPCC_MCI_lib436635_7080_3_1_(paired)_trimmed_(paired)_mapping_-_Extracted_nucleotide_sequences_[NG-25720_PPCC_MCI_lib436635_7080_3_1]_(single)_contig_13	23999	24493	+	95.4	84
5085at2085	Complete	NG-25720_PPCC_MCI_lib436635_7080_3_1_(paired)_trimmed_(paired)_mapping_-_Extracted_nucleotide_sequences_[NG-25720_PPCC_MCI_lib436635_7080_3_1]_(single)_contig_6	2917	3183	+	97.1	67
5097at2085	Complete	NG-25720_PPCC_MCI_lib436635_7080_3_1_(paired)_trimmed_(paired)_mapping_-_Extracted_nucleotide_sequences_[NG-25720_PPCC_MCI_lib436635_7080_3_1]_(single)_contig_34	25774	26076	-	113.0	83
5172at2085	Complete	NG-25720_PPCC_MCI_lib436635_7080_3_1_(paired)_trimmed_(paired)_mapping_-_Extracted_nucleotide_sequences_[NG-25720_PPCC_MCI_lib436635_7080_3_1]_(single)_contig_15	30248	30598	+	100.0	89
5176at2085	Complete	NG-25720_PPCC_MCI_lib436635_7080_3_1_(paired)_trimmed_(paired)_mapping_-_Extracted_nucleotide_sequences_[NG-25720_PPCC_MCI_lib436635_7080_3_1]_(single)_contig_15	34823	35047	+	83.6	39
5219at2085	Complete	NG-25720_PPCC_MCI_lib436635_7080_3_1_(paired)_trimmed_(paired)_mapping_-_Extracted_nucleotide_sequences_[NG-25720_PPCC_MCI_lib436635_7080_3_1]_(single)_contig_8	18822	19148	-	98.7	61
5230at2085	Complete	NG-25720_PPCC_MCI_lib436635_7080_3_1_(paired)_trimmed_(paired)_mapping_-_Extracted_nucleotide_sequences_[NG-25720_PPCC_MCI_lib436635_7080_3_1]_(single)_contig_4	31536	31763	-	90.7	51
5240at2085	Complete	NG-25720_PPCC_MCI_lib436635_7080_3_1_(paired)_trimmed_(paired)_mapping_-_Extracted_nucleotide_sequences_[NG-25720_PPCC_MCI_lib436635_7080_3_1]_(single)_contig_20	6618	6896	+	91.4	61
5243at2085	Complete	NG-25720_PPCC_MCI_lib436635_7080_3_1_(paired)_trimmed_(paired)_mapping_-_Extracted_nucleotide_sequences_[NG-25720_PPCC_MCI_lib436635_7080_3_1]_(single)_contig_13	50669	50866	+	84.7	51
5299at2085	Complete	NG-25720_PPCC_MCI_lib436635_7080_3_1_(paired)_trimmed_(paired)_mapping_-_Extracted_nucleotide_sequences_[NG-25720_PPCC_MCI_lib436635_7080_3_1]_(single)_contig_15	29070	29255	+	92.2	42
5328at2085	Complete	NG-25720_PPCC_MCI_lib436635_7080_3_1_(paired)_trimmed_(paired)_mapping_-_Extracted_nucleotide_sequences_[NG-25720_PPCC_MCI_lib436635_7080_3_1]_(single)_contig_5	11951	12319	+	106.7	100
5471at2085	Complete	NG-25720_PPCC_MCI_lib436635_7080_3_1_(paired)_trimmed_(paired)_mapping_-_Extracted_nucleotide_sequences_[NG-25720_PPCC_MCI_lib436635_7080_3_1]_(single)_contig_13	71932	72369	+	70.2	84
